model,auc_roc,auc_roc_lo,auc_roc_hi,auc_pr,auc_pr_lo,auc_pr_hi
TC-GNN,0.6423611111111112,0.5738133604706255,0.7142857142857142,0.5733333333333333,0.46940515275877787,0.6662557951877933
TC-GNN-opt,0.9619984567901234,0.9265985113442741,0.988823138791948,0.8882398044484576,0.7821925510571163,0.9796615910847453
GCN,0.8400848765432098,0.7706083578431373,0.9000262812353829,0.76243732408545,0.6431430045557003,0.8609189015571767
GAT,0.8308256172839505,0.7579766237402016,0.8940061217008797,0.7328265676297016,0.6072445391972161,0.8466737673122445
TGN,0.7862654320987654,0.7013861331569663,0.8601600371019464,0.6029976402581334,0.4864002731639591,0.7496722580489646
DCRNN,0.7989969135802469,0.7200037615740741,0.862186497073577,0.7183052720176524,0.6150232168805979,0.8077399212575306
GLASS,0.8877314814814815,0.8322216666666666,0.9328432381338604,0.7672058188373122,0.6345696250726677,0.8845051113200708
XGBoost,1.0,1.0,1.0,1.0,0.9999999999999998,1.0000000000000002
