comparison,auc_tc_gnn,auc_other,delta_auc,z_score,p_value,significance
TC-GNN-opt vs TC-GNN,0.5301204819277109,0.5231073547923035,0.00701312713540736,0.5298798048147214,0.5961952690259826,ns
TC-GNN-opt vs GCN,0.5301204819277109,0.8870706707426721,-0.3569501888149612,-80.72613801373345,0.0,***
TC-GNN-opt vs GAT,0.5301204819277109,0.8707067074267217,-0.34058622549901085,-80.52953014256889,0.0,***
TC-GNN-opt vs TGN,0.5301204819277109,0.8386980758856322,-0.3085775939579213,-52.89673626527737,0.0,***
TC-GNN-opt vs DCRNN,0.5301204819277109,0.7227117424923575,-0.1925912605646466,,,ns
TC-GNN-opt vs GLASS,0.5301204819277109,0.9879518072289153,-0.4578313253012044,-217.63088016180035,0.0,***
TC-GNN-opt vs XGBoost,0.5301204819277109,1.0,-0.4698795180722891,,,ns
