comparison,auc_tc_gnn,auc_other,delta_auc,z_score,p_value,significance
TC-GNN-opt vs TC-GNN,0.9619984567901236,0.6423611111111109,0.3196373456790127,55.424816424901245,0.0,***
TC-GNN-opt vs GCN,0.9619984567901236,0.8400848765432097,0.1219135802469139,11.781959979161387,0.0,***
TC-GNN-opt vs GAT,0.9619984567901236,0.8308256172839507,0.13117283950617298,19.103778663648445,0.0,***
TC-GNN-opt vs TGN,0.9619984567901236,0.7862654320987656,0.175733024691358,68.10429762000923,0.0,***
TC-GNN-opt vs DCRNN,0.9619984567901236,0.7989969135802468,0.1630015432098768,15.568838800349035,0.0,***
TC-GNN-opt vs GLASS,0.9619984567901236,0.8877314814814815,0.07426697530864212,7.371754489806083,1.6830981053317373e-13,***
TC-GNN-opt vs XGBoost,0.9619984567901236,1.0,-0.038001543209876365,,,ns
