model,auc_roc,auc_roc_lo,auc_roc_hi,auc_pr,auc_pr_lo,auc_pr_hi
TC-GNN,0.5231073547923035,0.49558751485128155,0.5555555555555556,0.45838908903757075,0.37792326741092414,0.5379833570129875
TC-GNN-opt,0.5301204819277108,0.5063252070636037,0.5602409638554217,0.46206896551724136,0.3793103448275862,0.5396065339509214
GCN,0.8870706707426722,0.8281205301205914,0.9405807603851943,0.8838586554173816,0.8140825533820377,0.94049058842993
GAT,0.8707067074267218,0.8091425124664274,0.9307592235628218,0.8760892367929588,0.8045349219613956,0.9328362694942479
TGN,0.8386980758856319,0.766856826381298,0.9055383686819684,0.7890854610203861,0.661071347644955,0.8918111450665505
DCRNN,0.7227117424923575,0.6295801152121124,0.8029193656123118,0.6493052184099453,0.5362865784614569,0.7750823923663279
GLASS,0.9879518072289156,0.9560076237773679,1.0,0.955240653479104,0.8623218322607803,1.0
XGBoost,1.0,1.0,1.0,1.0,1.0,1.0
