{
  "train_loss": [
    1.195613145828247,
    0.43965455889701843,
    0.6538069844245911,
    0.3310498297214508,
    0.3052961528301239,
    0.3040173351764679,
    0.30417922139167786,
    0.3034358322620392,
    0.30358004570007324
  ],
  "val_loss": [
    0.5802360773086548,
    0.8672154545783997,
    0.4548642933368683,
    0.44259899854660034,
    0.44541990756988525,
    0.44183939695358276,
    0.44241607189178467,
    0.4400213658809662,
    0.44003450870513916
  ],
  "val_auc_pr": [
    0.45005530952243183,
    0.49661358762259866,
    0.5219173407804671,
    0.6618625277161865,
    0.6406504065040651,
    0.6435586839089867,
    0.6406504065040651,
    0.6406504065040651,
    0.640650406504065
  ]
}