{
  "train_loss": [
    0.15937072038650513,
    0.12741278111934662,
    0.10984053462743759,
    0.1033397689461708,
    0.10138437896966934,
    0.10104893893003464,
    0.09990748018026352
  ],
  "val_loss": [
    0.1302366703748703,
    0.11818248778581619,
    0.11531712859869003,
    0.11420590430498123,
    0.11371617764234543,
    0.11348622292280197,
    0.11339832097291946
  ],
  "val_auc_pr": [
    0.4953214871663608,
    0.640650406504065,
    0.640650406504065,
    0.640650406504065,
    0.640650406504065,
    0.640650406504065,
    0.640650406504065
  ]
}